name,type,phone,website,address,street,city,county,postal_code,country,booking_appointment_link,place_id
Bohemian Salon,Hairdresser,+44 161 456 1061,http://www.bohemiansalon.co.uk/,"18-20 Lower Hillgate, Stockport SK1 1JE",18-20 Lower Hillgate,Stockport,,SK1 1JE,United Kingdom of Great Britain and Northern Ireland,,ChIJq5Wnxcu0e0gRTUPG24-0unk
Cut Ahead,Hairdresser,+44 161 429 6543,,"1 Woodman St, Stockport SK1 1RX",1 Woodman St,Stockport,,SK1 1RX,United Kingdom of Great Britain and Northern Ireland,,ChIJu0eyJ3mze0gRBTnymSkJA0k
Bliss Hairdressing,Hairdresser,+44 161 432 5140,http://www.bliss-hairdressing.co.uk/,"35 School Ln, Stockport SK4 5DE",35 School Ln,Stockport,,SK4 5DE,United Kingdom of Great Britain and Northern Ireland,http://www.bliss-hairdressing.co.uk/index.php/book-online,ChIJhUwk2Jaze0gRE5dwMj-zs0E
The Colour Room Salon,Hairdresser,+44 161 476 1881,http://thecolourroom.co.uk/,"21 – 23 Great Underbank, Stockport SK1 1LF",21 – 23 Great Underbank,Stockport,,SK1 1LF,United Kingdom of Great Britain and Northern Ireland,https://home.shortcutssoftware.com/thecolourroom?app_mode=true&container_type=_h&source=google_reserve&rwg_token=AFd1xnFzYEx2xIrcpsy726Lt2yBCXtVlJsY4gqj8K0ydaCtpL2nTCgOQ5-d0pvBXcZoD0H0A1E1Jp1U-WOvKd967MBkvbvCVGQ%3D%3D#/book-now?redirect=sites/6239/details,ChIJw85o_n6ze0gR7fQDgPYpTWM
Planet Hair,Hairdresser,+44 161 456 9500,http://planethairstockport.co.uk/,"341 Buxton Rd, Stockport SK2 7NL",341 Buxton Rd,Stockport,,SK2 7NL,United Kingdom of Great Britain and Northern Ireland,,ChIJv_b2Fp-0e0gRvsn5Kjvd0pA
Libbys Hairdressing,Hairdresser,+44 161 480 0250,,"1 & 3 High St, Stockport SK1 1EG",1 & 3 High St,Stockport,,SK1 1EG,United Kingdom of Great Britain and Northern Ireland,,ChIJiVRXc36ze0gRz6d9ieEdK30
TRIM & CUT UNISEX Hair Salon,Hairdresser,+44 7366 976538,https://widget.treatwell.co.uk/place/510192/menu/,"77 Princes St, Stockport SK1 1RW",77 Princes St,Stockport,,SK1 1RW,United Kingdom of Great Britain and Northern Ireland,,ChIJZQOE_Mqxe0gR7_BR9FyMpqU
Leslie & Lisa Hair Lounge,Hairdresser,+44 161 477 8862,,"69 Great Underbank, Stockport SK1 1PE",69 Great Underbank,Stockport,,SK1 1PE,United Kingdom of Great Britain and Northern Ireland,,ChIJF-6Et36ze0gRryWKzSy51I8
Hair Candy,Hairdresser,+44 161 483 5197,http://www.haircandycheshire.co.uk/,"369 Buxton Rd, Stockport SK2 7EY",369 Buxton Rd,Stockport,,SK2 7EY,United Kingdom of Great Britain and Northern Ireland,https://www.treatwell.co.uk/place/hair-candy-2/?utm_source=google&utm_medium=rwg&rwg_token=AFd1xnH4H_5WpItyI7ohBRJZ75hgnyHszEVDu32_Iwx9Bw5Z-rMDssEWQupVV_zkqJFvCmrbKhaVn-jCSbGLlQRPgtmQJgS9uNd2XjnfRCsGuA3xgiGzsCo%3D,ChIJZ8eDCey1e0gR-e4DOAzhftk
Bell Hair ltd,Hairdresser,+44 161 376 3840,http://www.bell-hair.co.uk/,"511 Hempshaw Ln, Stockport SK2 5TP",511 Hempshaw Ln,Stockport,,SK2 5TP,United Kingdom of Great Britain and Northern Ireland,,ChIJvc9Jd7y0e0gRtQAtHvqh1ho
Cherysh Hair,Hairdresser,+44 161 480 3080,http://www.cheryshhair.co.uk/,"22 Princes St, Stockport SK1 1SE",22 Princes St,Stockport,,SK1 1SE,United Kingdom of Great Britain and Northern Ireland,,ChIJ5a4LKnmze0gRrhgyqHTFtqg
Majestic hair salon,Beauty Salon,+44 161 900 8667,https://turkish.co.uk/services/health-beauty-fitness/hairdressing/majestic-hair-salon-stockport-30772.html,"16 Bridge St, Stockport SK1 1XR",16 Bridge St,Stockport,,SK1 1XR,United Kingdom of Great Britain and Northern Ireland,https://widget.treatwell.co.uk/place/420203/menu/,ChIJ017hBH-ze0gRLjSI8F7pEB4
Hair And Beauty Lounge Stockport,Hairdresser,+44 161 477 1989,http://www.hairandbeautyloungestockport.co.uk/,"28-30 Castle St, Edgeley, Stockport SK3 9AD",28-30 Castle St,Stockport,Edgeley,SK3 9AD,United Kingdom of Great Britain and Northern Ireland,,ChIJmVVJQmWze0gRkfxANbPIOuc
Prestige hair,Hairdresser,+44 161 443 2362,https://prestigehairdressers.co.uk/,"80 Gorton Rd, Reddish, Stockport SK5 6AH",80 Gorton Rd,Stockport,Reddish,SK5 6AH,United Kingdom of Great Britain and Northern Ireland,https://www.vagaro.com/googlemap/U2FsdGVkX19fl7kngkxirVukfVGwG9~AEia3YdeBoD4=/services?rwg_token=AFd1xnHvj2jVEFhI65-pnfKe6FkGts95125chpfeNC1qpATeiY0V4EdWtBHaEnbsy4YcP78VJecDQQ6s32cULm_2UfqW8v9v2yNt2RIUpIfWiIOMpm2ttso%3D,ChIJQXCdNTmze0gRPmKD4Yg4aw0
Blossom Hair & Beauty,Hairdresser,+44 161 474 0736,https://www.facebook.com/BlossomHairAndBeautyStockport/,"68-70 Lower Hillgate, Stockport SK1 3AL",68-70 Lower Hillgate,Stockport,,SK1 3AL,United Kingdom of Great Britain and Northern Ireland,,ChIJveUYDvKze0gR2REkawM70eU
#Hair,Hairdresser,+44 161 503 9036,,"24 Little Underbank, Stockport SK1 1JT",24 Little Underbank,Stockport,,SK1 1JT,United Kingdom of Great Britain and Northern Ireland,,ChIJ0XJ862Cze0gRVpjpxZjFrlQ
Scribble Hairdressing,Hairdresser,+44 161 477 4799,,"54 Churchgate, Stockport SK1 1YG",54 Churchgate,Stockport,,SK1 1YG,United Kingdom of Great Britain and Northern Ireland,,ChIJtYbT_IG0e0gRWYJxpRUvlyo
Hair to Dye For,Hairdresser,+44 161 477 6340,,"58 Castle St, Edgeley, Stockport SK3 9AD",58 Castle St,Stockport,Edgeley,SK3 9AD,United Kingdom of Great Britain and Northern Ireland,,ChIJAeIkaGWze0gRriAAuv_e8i8
That Hair Place,Hairdresser,+44 161 431 7474,http://www.thathairplaceheatonmoor.co.uk/,"11 Shaw Rd, Stockport SK4 4AG",11 Shaw Rd,Stockport,,SK4 4AG,United Kingdom of Great Britain and Northern Ireland,https://www.treatwell.co.uk/place/that-hair-place-manchester/?utm_source=google&utm_medium=rwg&rwg_token=AFd1xnEwLKvxCoi5ORKRNY5mGG4EA_oKvVYMBWrfyQGOEhAThptGSoFR84g-4zcbNd6iEAfsMvXUlbAVnO3yFzv7ZPNPNVAMsRY2f8LEHYWRuLiMcWgdLb0%3D,ChIJO0-DHqOze0gRNx54TRZzCoM
Salon387,Hairdresser,+44 161 480 8233,http://www.drydrydry15.co.uk/,"387 Manchester Rd, Heaton Chapel, Stockport SK4 5BY",387 Manchester Rd,Stockport,Heaton Chapel,SK4 5BY,United Kingdom of Great Britain and Northern Ireland,https://www.fresha.com/book-now/salon387-motcgy30/all-offer?id=1399042&pId=1328627&rwg_token=AFd1xnHwlBVJzPabyINC-M6yJckf2_WFvAvspik3CfBW5SpG1G8lI5UlS8qlIPJ1nWVsDZigzQurKBOd2FhV9suVGq410GS2T44_nMVg6EdeccGSGA9X_o0%3D,ChIJuRRzV36ze0gRxmtFFs003y8
Florin Bob Hairdressing,Hairdresser,+44 161 477 0001,,"12 Bramhall Ln, Davenport, Stockport SK2 6HR",12 Bramhall Ln,Stockport,Davenport,SK2 6HR,United Kingdom of Great Britain and Northern Ireland,https://www.fresha.com/book-now/florin-bob-hairdressing-gx34v5ft/all-offer?id=75995&pId=70755&rwg_token=AFd1xnGzdfJefM_NQ4KkoUpWuweM6YPOVX_OhqZOCkgPVcJS8EZAdlAw08vJrMmN54UvMiFCU7D6-Q2245yzqS7PSuLRBzkkiPh99Xb8RNTdg0joFhjw0ho%3D,ChIJ32AuJDq1e0gRW3lofA_Y8Nc
Hilton Hair,Hairdresser,+44 161 480 7806,,"Clouds Hair Salon, 417 Hempshaw Ln, Cheshire, Stockport SK1 4QA","Clouds Hair Salon, 417 Hempshaw Ln",Stockport,"Cheshire, Stockport",SK1 4QA,United Kingdom of Great Britain and Northern Ireland,,ChIJLe6Zq5G0e0gRZTsHfqWmcVU
The Hair Suite,Hairdresser,+44 161 264 2085,,"2a Fulmar Dr, Stockport SK2 5JL",2a Fulmar Dr,Stockport,,SK2 5JL,United Kingdom of Great Britain and Northern Ireland,https://www.vagaro.com/googlemap/U2FsdGVkX1-urvRijwFc6FXu-0JhTx72H8klTli07o0=/services?rwg_token=AFd1xnFU3CI_QlT9litsCbUyj2QGfIX-bke6iZa3CXFmL5lEddrhp7KnthS4a_7_XO_u60vq8AdB0TAcgMSgA8tVN_2dBkBuzLNFfyt3MijSt1yzMaWNwCk%3D,ChIJjfwc32q1e0gRjf9D31FiZCY
Hygge Salon,Hairdresser,+44 7456 459213,https://hygge-salon.square.site/,"138A Stockport Rd, Stockport SK3 0JE",138A Stockport Rd,Stockport,,SK3 0JE,United Kingdom of Great Britain and Northern Ireland,https://app.squareup.com/appointments/book/mkhu372po42drt/LY3HZXR5P8Q9P/start?rwg_token=AFd1xnFlE_1B5_VupI6_FJVElC0cBKN1_JlI6f0_Ryky--AQP_DSDU0l97-osRBuLOf7krtsL4eWlDkDriTE2huh9nWLlZfi6zdRFFEdEmiYdR7L0fCeBOA%3D,ChIJJ1QMuSWze0gRqydAe4Izf3g
THE STYLIST -Hair Studio-,Hairdresser,+44 161 948 3409,,"79 Castle St, Edgeley, Stockport SK3 9AT",79 Castle St,Stockport,Edgeley,SK3 9AT,United Kingdom of Great Britain and Northern Ireland,https://www.fresha.com/book-now/the-stylist-hair-studio-egtg33qu/all-offer?id=2599439&pId=2517608&rwg_token=AFd1xnEVa4ZsXbMhseJUVr_2VvR4XIBID9WGt58lyZUEvJFUegiQ3L90NaQgihwdJWhTvtAsrzv9eRWV_hMWXIqEgtyxB8RTHw9CAox0ntKm492RrTLw51g%3D,ChIJO4f5UAuze0gRK2f5IlDVD8E
Tyler James Hairdressing,Hairdresser,+44 161 429 7959,,"65 Wellington Rd N, Stockport SK4 2LP",65 Wellington Rd N,Stockport,,SK4 2LP,United Kingdom of Great Britain and Northern Ireland,,ChIJYa-F-3eze0gR7S3_o5mwrG8
Cobane,Hairdresser,+44 161 442 2243,https://www.cobane.co.uk/,"340 Wellington Rd N, Stockport SK4 5DA",340 Wellington Rd N,Stockport,,SK4 5DA,United Kingdom of Great Britain and Northern Ireland,https://www.treatwell.co.uk/place/cobane/?utm_source=google&utm_medium=rwg&rwg_token=AFd1xnH3niqreoCXWROLWU5VEGO6kVJbffgZ3IYxJJV22haVr7QOeKVEHIrmyIov85eL2rw7clv_AK1bVVSZFF1Tefm87MalocRbs12G_NsEXHJKs27qFsw%3D,ChIJJRnFIpeze0gRxXaI7qizII0
Impressions Hair and Beauty,Hairdresser,+44 161 480 4452,,"220-222 Shaw Heath, Stockport SK2 6QZ",220-222 Shaw Heath,Stockport,,SK2 6QZ,United Kingdom of Great Britain and Northern Ireland,http://tinyurl.com/4rkjjyba,ChIJ132JN7aye0gR1LcCPLTz_so
Sinclairs Lounge,Hairdresser,+44 161 359 8777,http://www.instagram.com/sinclairslounge,"92 - 94 Wellington St, Stockport SK1 3AQ",92 - 94 Wellington St,Stockport,,SK1 3AQ,United Kingdom of Great Britain and Northern Ireland,,ChIJsXpYd7Wze0gRZpjPGurDbT4
Crowning Glory,Hairdresser,+44 7935 386029,http://www.facebook.com/crowningglory197/,"197 Bramhall Ln, Davenport, Cheshire, Stockport SK2 6JA",197 Bramhall Ln,Stockport,"Davenport, Cheshire, Stockport",SK2 6JA,United Kingdom of Great Britain and Northern Ireland,https://www.treatwell.co.uk/place/crowning-glory-hair-stockport/?utm_source=google&utm_medium=rwg&rwg_token=AFd1xnHNLeHcdlGn4LX32uTpJIVJW-cuZbmtoT9eGuc4N2Zf8X4pH3XuliFDsr7ieQa_z8pHol7bB7BZ8h71DZKtzmAIWmOvTg%3D%3D,ChIJg3WPAKC0e0gRPiDZN7XOfUM
Kristopha Hair Studio,Hairdresser,+44 161 483 7478,,"322 Buxton Rd, Stockport SK2 7DD",322 Buxton Rd,Stockport,,SK2 7DD,United Kingdom of Great Britain and Northern Ireland,,ChIJMR0kkLy0e0gRz8kxpdxncqs
Hairway to Heaven,Hairdresser,+44 161 483 9777,,"14 Hazelwood Rd, Hazel Grove, Stockport SK7 4LZ",14 Hazelwood Rd,Stockport,Hazel Grove,SK7 4LZ,United Kingdom of Great Britain and Northern Ireland,,ChIJPyhSScW0e0gRReC9a-rhMmA
The House Of Hair,Hairdresser,+44 161 442 2124,,"418 Gorton Rd, Reddish, Stockport SK5 6RS",418 Gorton Rd,Stockport,Reddish,SK5 6RS,United Kingdom of Great Britain and Northern Ireland,https://www.treatwell.co.uk/place/the-house-of-hair/?utm_source=google&utm_medium=rwg&rwg_token=AFd1xnFzimULz1yeMWBEdG5lNQQZipRUdQ9PqZ81_aLMy9M5X-HQuqmvJSo8fLEzcFBW89590ZKHXuEpoBGueXho4OlGMOL5zjPWvv3pR8be1BUAY43hggM%3D,ChIJyYhyA921e0gRk7lIdSOy2Ag
Goldies Unique Hair & Cosmetics,Hairdresser,+44 161 478 2880,https://www.ebay.co.uk/str/goldieshair,"83 Princes St, Stockport SK1 1RW",83 Princes St,Stockport,,SK1 1RW,United Kingdom of Great Britain and Northern Ireland,,ChIJvQTwKXmze0gR6dzqYae14e4
The Hair Studio,Hairdresser,+44 161 480 6687,,"131 Hall St, Stockport SK1 4HE",131 Hall St,Stockport,,SK1 4HE,United Kingdom of Great Britain and Northern Ireland,,ChIJp4JWeoW0e0gRcC25NOlk-Bo
The Hair & Beauty Retreat,Beauty Salon,+44 161 483 0206,https://www.thehairandbeautyretreat.co.uk/,"325-327 London Rd, Hazel Grove, Stockport SK7 4PS",325-327 London Rd,Stockport,Hazel Grove,SK7 4PS,United Kingdom of Great Britain and Northern Ireland,,ChIJGcj2Acm0e0gR5Ou5zkSTE38
HAIR at 280,Hairdresser,+44 7395 142138,https://www.facebook.com/HAIRat280/,"280 Adswood Rd, Stockport SK3 8PN",280 Adswood Rd,Stockport,,SK3 8PN,United Kingdom of Great Britain and Northern Ireland,,ChIJ4_kLsUOze0gRXC8lQ01jte4
Absolute Hair,Hairdresser,+44 161 480 1958,,"29 Castle St, Edgeley, Stockport SK3 9AT",29 Castle St,Stockport,Edgeley,SK3 9AT,United Kingdom of Great Britain and Northern Ireland,,ChIJP4Tt2HGze0gRyeppSfjQrnw
Rejuvenate@45,Hairdresser,,,"45 St Petersgate, Stockport SK1 1DH",45 St Petersgate,Stockport,,SK1 1DH,United Kingdom of Great Britain and Northern Ireland,https://www.fresha.com/book-now/rejuvenate-45-s08f3mj4/all-offer?id=2736527&pId=2647652&rwg_token=AFd1xnGvX00x2BHFjWPTLwkJguBQuL1LHlHZxSkGSHgMLj2Mvb3B4cttJ9VR4ZvpHMI7PlE-71ho41iDkQI1NN5IEIRmHBBUYiI_JoXOdN5NcTCkUwp-g7Y%3D,ChIJz9Nsi0yze0gRQZiQar3ZWl0
Hair Kraft,Hairdresser,+44 161 431 6997,,"Hair Kraft, 21 Criterion St, Reddish, Stockport SK5 6SA","Hair Kraft, 21 Criterion St",Stockport,Reddish,SK5 6SA,United Kingdom of Great Britain and Northern Ireland,,ChIJPXOcAAi0e0gRg3eCH371HXs
The Salon Hairdressers,Hairdresser,+44 161 480 5391,,"172 Hall St, Offerton, Stockport SK1 4JG",172 Hall St,Stockport,Offerton,SK1 4JG,United Kingdom of Great Britain and Northern Ireland,,ChIJF9o1k4-0e0gRsQwqGNDEt_I
One20 Hairdressing/ hair in bloom,Hairdresser,+44 7777 639030,,"Bloom St, Edgeley, Stockport SK3 9LQ",Bloom St,Stockport,Edgeley,SK3 9LQ,United Kingdom of Great Britain and Northern Ireland,,ChIJA-0yvG-ze0gR2zRqUrpPwac
Wild Hair Studio,Hairdresser,,https://booksy.com/en-gb/181533_wild-hair-studio_hair-salon_667300_stockport%23ba_s%3Dseo,"21 Middle Hillgate, Stockport SK1 3AY",21 Middle Hillgate,Stockport,,SK1 3AY,United Kingdom of Great Britain and Northern Ireland,https://booksy.com/en-gb/rwg/181533_wild-hair-studio_hair-salon_667300_stockport?rwg_token=AFd1xnEVNNh626U6vwoVkPu6qNfIfFTy6Q5OpghjlpN1hnTKvcOn_E_GHC39ENvEiMtrvWCow804Qh4QuyNnlm_7c4VanBIatmKbUSx8OI0PMFzOV2CxbE8%3D,ChIJFUEhKGyze0gRgAosyjPQrH8
Xenos Haven by Hayley Xenophontos,Hairdresser,+44 7523 017351,https://www.hayleythehairspecialist.co.uk/,"142 Buxton Rd, Stockport SK2 6PL",142 Buxton Rd,Stockport,,SK2 6PL,United Kingdom of Great Britain and Northern Ireland,https://www.hayleythehairspecialist.co.uk/book-now,ChIJbcUuQ7m0e0gRPjRxThgLLNM
Jefe Barbers - Stockport,Barber shop,+44 800 009 6164,https://www.jefesbarbers.com/,"142D Shaw Heath, Stockport SK2 6QS",142D Shaw Heath,Stockport,,SK2 6QS,United Kingdom of Great Britain and Northern Ireland,https://www.fresha.com/book-now/jefes-barbers-ihl8p4bm/all-offer?id=2789166&pId=1450944&rwg_token=AFd1xnEnNqXR8_xYaV1iQYxYK1ylkR4rrZhn1YMLdsDKg7wShfIHO8mdBSXvutRm4QBIVQm5l-bzghG1Tu2J-KoI8XpmPec2M7N6flPYvEc1gSDaniXg7Tc%3D,ChIJMeZKiGeze0gR2w3yt2jXRno
Jennifer Paige Hair & Beauty,Hairdresser,+44 161 477 6555,,"28 Reddish Rd, Stockport SK5 7PE",28 Reddish Rd,Stockport,,SK5 7PE,United Kingdom of Great Britain and Northern Ireland,,ChIJWbJAGoeze0gRiKTlRvay0Z0
Hair and beauty in the City,Hairdresser,+44 7966 544079,http://www.hairandbeautyinthecity.co.uk/,"18 Beaumaris Cres, Hazel Grove, Stockport SK7 5NG",18 Beaumaris Cres,Stockport,Hazel Grove,SK7 5NG,United Kingdom of Great Britain and Northern Ireland,,ChIJNWj6MUtLekgR6JV7PYlulak
Quick Style Hair Salon,Hairdresser,+44 7385 168482,,"107A London Rd, Hazel Grove, Stockport SK7 4HH",107A London Rd,Stockport,Hazel Grove,SK7 4HH,United Kingdom of Great Britain and Northern Ireland,https://www.treatwell.co.uk/place/quick-style-hair-salon/?utm_source=google&utm_medium=rwg&rwg_token=AFd1xnFYRMtb1WEV9cwe36QFQHbZaw8JDwyMim1-NYOmUD_AtwcMYspuFMgHsjqcQUQ84tP1qLJCgrfA2kjSijN4bsolHI6vaGS6q3Pa_2r3F-JvSdMZs70%3D,ChIJLWBwaNu1e0gRxYfxX_vDPNw
Brent Hairdressing,Hairdresser,+44 161 432 4482,https://www.facebook.com/BrentHairSK4/,"9 School Ln, Stockport SK4 5DE",9 School Ln,Stockport,,SK4 5DE,United Kingdom of Great Britain and Northern Ireland,,ChIJhUwk2Jaze0gRXF7QfuWDpyg
"Bladerunner,Mobile hairdresser",Hairdresser,+44 7798 897317,http://www.bladerunnerdave.co.uk/,"13 Rupert St, Reddish, Stockport SK5 7AP",13 Rupert St,Stockport,Reddish,SK5 7AP,United Kingdom of Great Britain and Northern Ireland,,ChIJWbJAGoeze0gRr2C_el0zab8
Dazzle Hair & Beauty,Hairdresser,+44 1625 878163,https://dazzlehairandbeauty.com/,"8 Fiveways Parade, Hazel Grove, Stockport SK7 6DG",8 Fiveways Parade,Stockport,Hazel Grove,SK7 6DG,United Kingdom of Great Britain and Northern Ireland,https://home.shortcutssoftware.com/dazzlehairandbeauty?app_mode=true&container_type=_h&source=google_reserve&rwg_token=AFd1xnHoHaQLzmLTbYjtRJuEHWJczuVm6KaS1PHMuKkbF7WF7BdCumDkJxC7ymxAUZfX4Y-4reFUTQmCGdL6Jg1Gou8YgRso9Q%3D%3D#/book-now?redirect=sites/15089/details,ChIJm6k6SDJLekgRK_0MpOaXptE
Italian touch hair salon,Hairdresser,,http://grasshopper-begonia-p2g5.squarespace.com/,"484 Gorton Rd, Reddish, Stockport SK5 6PP",484 Gorton Rd,Stockport,Reddish,SK5 6PP,United Kingdom of Great Britain and Northern Ireland,https://www.treatwell.co.uk/place/italian-touch-hair-salon/?utm_source=google&utm_medium=rwg&rwg_token=AFd1xnE7pf9cAj9PJZswZgXF0SlVMv8lYzbpPaq-hSTZoymjGbVWcJl9M14izOe_zR9XyXhpI6gJQfR0YUKRJgnMn-yRppWzpmYlJyVHwrGgMDFOy07g5z0%3D,ChIJc-kfEgyze0gRlaiUZbRVQ5s
Jackson Hairdressing,Hairdresser,+44 7966 324497,,"3 Thornfield Rd, Heaton Moor, Stockport SK4 3LD",3 Thornfield Rd,Stockport,Heaton Moor,SK4 3LD,United Kingdom of Great Britain and Northern Ireland,,ChIJN0jr-6aze0gRyY0CFFlgvmU
The Hair Boutique,Hairdresser,+44 161 456 5140,http://www.thehairboutiquehazelgrove.co.uk/,"8 Chepstow Dr, Hazel Grove, Stockport SK7 4RY",8 Chepstow Dr,Stockport,Hazel Grove,SK7 4RY,United Kingdom of Great Britain and Northern Ireland,,ChIJ06F2HNS0e0gRAIhAeAIJPQ4
Mode Hair,Hairdresser,+44 7828 092643,,"537 Buxton Rd, Stockport SK2 7HJ",537 Buxton Rd,Stockport,,SK2 7HJ,United Kingdom of Great Britain and Northern Ireland,,ChIJQ1N8-bi0e0gRBMZgulrqcEE
Nathan Houillebecq Hair,Hairdresser,,,"45 St Petersgate, Stockport SK1 1DH",45 St Petersgate,Stockport,,SK1 1DH,United Kingdom of Great Britain and Northern Ireland,,ChIJ0aPUhkOze0gR5pT2ZsD49WU
NOTJUST | Stockport Barbers,Barber shop,,https://www.notjustnotjust.com/stockport-barbers,"35 Great Underbank, Stockport SK1 1NE",35 Great Underbank,Stockport,,SK1 1NE,United Kingdom of Great Britain and Northern Ireland,https://www.fresha.com/book-now/notjust-barbers-ocwfxfjj/all-offer?id=2610550&pId=1042888&rwg_token=AFd1xnF3gU8yZQ2SZXFCA1FsnVLvgiXuW5e1gyKzznm4dwceicZC633E869wQYRvvpGpoah6erY6fFecNtWDY9ITl2AHpBh2G9oKQadPMbzcoRSUOlyaj0Q%3D,ChIJDdOWCtyze0gRwObA5ScINMc
Styles,Hairdresser,+44 7544 377607,,"24-26 Little Underbank, Stockport SK1 1JT",24-26 Little Underbank,Stockport,,SK1 1JT,United Kingdom of Great Britain and Northern Ireland,,ChIJdd4fWn6ze0gRh1_NYuYkC5E
The Hair Shop,Hairdresser,+44 161 483 4177,,"73 Arundel Ave, Hazel Grove, Stockport SK7 5LD",73 Arundel Ave,Stockport,Hazel Grove,SK7 5LD,United Kingdom of Great Britain and Northern Ireland,https://smartscheduling.com/jo123456,ChIJXVlHOrW0e0gROdNjAILJAN4
Philip John Freelance Hairdresser & Colour Technician,Hairdresser,+44 161 258 4253,https://www.philipjohn-hair.co.uk/,"35 Damery Ct, Fir Rd, Bramhall, Stockport SK7 2JY","35 Damery Ct, Fir Rd",Stockport,Bramhall,SK7 2JY,United Kingdom of Great Britain and Northern Ireland,,ChIJ12L8UqxMekgR7im3OUdnlxo
Charlotte Rose Hairstylist,Hairdresser,,http://charlotterosehairstylist.com/,"435 Buxton Rd, Stockport SK2 7HE",435 Buxton Rd,Stockport,,SK2 7HE,United Kingdom of Great Britain and Northern Ireland,,ChIJR3TbmZtZlwERm7bYd00HjN0
The Mane Attraction,Hairdresser,+44 7389 189092,,"79a, 81 Broadstone Rd, Reddish, Stockport SK5 7AS","79a, 81 Broadstone Rd",Stockport,Reddish,SK5 7AS,United Kingdom of Great Britain and Northern Ireland,,ChIJVzJ7H4Oze0gRIqVjikvIB8g
Hair Jazz,Hairdresser,+44 161 431 5487,,"68 Broadstone Rd, Reddish, Stockport SK5 7AR",68 Broadstone Rd,Stockport,Reddish,SK5 7AR,United Kingdom of Great Britain and Northern Ireland,,ChIJO90es4yze0gReIteX8BBL5o
illusion - Hair & Beauty,Hairdresser,+44 161 483 3491,,"267 London Rd, Hazel Grove, Stockport SK7 4PL",267 London Rd,Stockport,Hazel Grove,SK7 4PL,United Kingdom of Great Britain and Northern Ireland,,ChIJiwcwzM60e0gR__ns5sj3pgU
Tyra Elizabeth Hair,Hairdresser,+44 7736 942909,,"200 Hall St, Offerton, Stockport SK1 4JG",200 Hall St,Stockport,Offerton,SK1 4JG,United Kingdom of Great Britain and Northern Ireland,,ChIJedMybAC1e0gRV5K8jSm4Zyg
Hair Lounge,Hairdresser,+44 161 406 9955,,"1 Clapgate, Romiley, Stockport SK6 3DG",1 Clapgate,Stockport,Romiley,SK6 3DG,United Kingdom of Great Britain and Northern Ireland,https://www.fresha.com/book-now/hair-lounge-budeyfp5/all-offer?id=216498&pId=202149&rwg_token=AFd1xnFbWh3Ri7Y5bfe4pr_VbkjAUC6lquEiAhI9DPvRnpsVRnAyMcI1QYcayaTT0u9CExx4zBnVBEDulWeoQ_jcp0NiYkmcmA%3D%3D,ChIJ_WPOsv60e0gRNf68CJeZwf0
Pzazz,Hairdresser,+44 161 491 1998,,"244 Stockport Rd, Stockport SK3 0LX",244 Stockport Rd,Stockport,,SK3 0LX,United Kingdom of Great Britain and Northern Ireland,,ChIJyz_Fjxqze0gRmMhUPMPEIVw
Top 1 barber,Barber shop,+44 7482 712220,,"A91 Wellington Rd S, Stockport SK1 3SL",A91 Wellington Rd S,Stockport,,SK1 3SL,United Kingdom of Great Britain and Northern Ireland,,ChIJMTN5pnOze0gRy5MYH1KpFVI
Trim and cropper,Barber shop,+44 161 425 2142,https://m.facebook.com/Trim-cropper-934725413271926/,"35 Middle Hillgate, Stockport SK1 3AY",35 Middle Hillgate,Stockport,,SK1 3AY,United Kingdom of Great Britain and Northern Ireland,https://booksy.com/en-gb/rwg/68280_trim-cropper_barber_667300_stockport?rwg_token=AFd1xnFCTdYy50ciVMOodnpKpamD26A_ZxHU_TcdvHNNIkT1sK9upBhVSqmTcN6bJK2kJPBEtDGA_Sbmr7rtzXeerrqkVT6gfsTN6AInADyIaBlsD4STh00%3D,ChIJg8SQmn2ze0gRoW7NlLUpyFc
Bani1977,Beauty Salon,,,"271 Wellington Rd S, Stockport SK2 6ND",271 Wellington Rd S,Stockport,,SK2 6ND,United Kingdom of Great Britain and Northern Ireland,,ChIJLXACPoize0gRu0BJDPoqYGg
Hair by Beth lockett,Hair extension technician,,http://www.artistrybeautylounge.co.uk/,"14 Bramhall Ln, Stockport SK2 6HR",14 Bramhall Ln,Stockport,,SK2 6HR,United Kingdom of Great Britain and Northern Ireland,,ChIJb91UICize0gRaK2hhkNJxXs
Milano Barbershop Stockport,Barber shop,+44 161 451 7081,,"Marshall House, 255 Wellington Rd S, Stockport SK2 6NG","Marshall House, 255 Wellington Rd S",Stockport,,SK2 6NG,United Kingdom of Great Britain and Northern Ireland,,ChIJmfErXluze0gRG8dldocgAdg
Judith & Jon Hair,Hairdresser,+44 7808 060499,https://www.judithandjon.co.uk/,"Above Bliss, 35 School Ln, Heaton Chapel, Stockport SK4 5DE","Above Bliss, 35 School Ln",Stockport,Heaton Chapel,SK4 5DE,United Kingdom of Great Britain and Northern Ireland,https://www.judithandjon.co.uk/#contact,ChIJd-x_zJqze0gRkLD0qjbwinw
Royal Barber,Barber shop,+44 7307 543533,,"113 Princes St, Stockport SK1 1RB",113 Princes St,Stockport,,SK1 1RB,United Kingdom of Great Britain and Northern Ireland,,ChIJy2S-Fnmze0gRExH96XDc1Jw
Stockport barber,Barber shop,+44 7867 477771,,"9 Tiviot Dl, Stockport SK1 1TA",9 Tiviot Dl,Stockport,,SK1 1TA,United Kingdom of Great Britain and Northern Ireland,https://booksy.com/en-gb/rwg/154188_stockport-barber_barber_667300_stockport?rwg_token=AFd1xnHwERFcA0hJIyGkj4FTv-QdBkezvmttPIeh70Hq4SKALBqAwHJnk0BMjQmJuDCu82FhvovgE_xJpF6b1cohUjrByuMx9baXvVOu3BQp-DSC76llEvs%3D,ChIJ330sFX-ze0gRLfcO_463ZU0
GLOSS Hair Studio Heaton Moor,Hairdresser,+44 161 432 5577,,"20 Shaw Rd, Heaton Moor, Stockport SK4 4AE",20 Shaw Rd,Stockport,Heaton Moor,SK4 4AE,United Kingdom of Great Britain and Northern Ireland,https://www.treatwell.co.uk/place/gloss-hair-studio-heaton-moor/?utm_source=google&utm_medium=rwg&rwg_token=AFd1xnFCun56yx0dQ2_al0P54-OPMOwlODF-_qG5Sd8Jy3wDoEPLXpvwx-abcc41xclHM3y0KCX2AIny8if0SiMRjT3oPD7NEQ%3D%3D,ChIJ2fcDu6aze0gRQDTQPQReDTU
Prestige Beauty. Unisex Beauty Salon,Beauty Salon,+44 161 975 0110,https://www.fresha.com/book-now/prestige-beauty-beautique-qbm0ax39/all-offer%3Fid%3D1532460%26share%26pId%3D1455261,"5, 7 Gorton Rd, Reddish, Stockport SK5 6AZ","5, 7 Gorton Rd",Stockport,Reddish,SK5 6AZ,United Kingdom of Great Britain and Northern Ireland,https://www.fresha.com/book-now/prestige-beauty-beautique-qbm0ax39/all-offer?id=1532460&pId=1455261&rwg_token=AFd1xnHkzyo_Y9S3ylsQZw6Jdg63vnykvC9vit_wEqtY3wRkjU74fKdOTH_FL9yjIrs638Qh05GMsp9Uhfk74qA0Lusf3fhNrBblHxxVN40A8EghfpRs6lo%3D,ChIJZVnKMOeze0gRE9C4nCLNPLg
Blazier Hairdressing,Hairdresser,+44 161 431 6061,http://www.blazier.co.uk/,"92 Heaton Moor Rd, Stockport SK4 4NZ",92 Heaton Moor Rd,Stockport,,SK4 4NZ,United Kingdom of Great Britain and Northern Ireland,,ChIJ2Zd3waKze0gRpkUCMofKhNg
Vintage Scissors,Barber shop,+44 7307 392989,,"104A Castle St, Edgeley, Stockport SK3 9AL",104A Castle St,Stockport,Edgeley,SK3 9AL,United Kingdom of Great Britain and Northern Ireland,,ChIJq6oTvG-ze0gRH8XQM6BYFpA
Preen Beauty Specialists,Beauty Salon,+44 161 429 6295,http://www.preenuk.com/,"1 St Petersgate, Stockport SK1 1EB",1 St Petersgate,Stockport,,SK1 1EB,United Kingdom of Great Britain and Northern Ireland,https://www.fresha.com/a/preen-stockport-1-st-petersgate-fz0ykmnb?pId=21703,ChIJYfS6WH6ze0gRGPl1I8ELJ58
Majestic Turkish Barber,Barber shop,+44 7720 549281,https://www.majesticbarber.co.uk/,"14 Bridge St, Stockport SK1 1XR",14 Bridge St,Stockport,,SK1 1XR,United Kingdom of Great Britain and Northern Ireland,https://www.treatwell.co.uk/place/majestic-hair/?utm_source=google&utm_medium=rwg&rwg_token=AFd1xnE3dXz48Bpvob9CGL5Mmr5DLSgVzHCMZeDBQ9MHSgY8zMe0PM-MBRBM3b7c6pdBGM-VX5TMSNItxtJSnJhIH10IBXJ3YidiM8WeCPpJHKbIjUynu4U%3D,ChIJodNGCkmze0gRSHoW37ShdV8
The Blonde Society,Hairdresser,,,"191a Moss Ln, Bramhall, Stockport SK7 1BD",191a Moss Ln,Stockport,Bramhall,SK7 1BD,United Kingdom of Great Britain and Northern Ireland,,ChIJ8zQ-4h5NekgR_FieZD5WXug
ELOISE GENTS HAIRDRESSING / BARBERSHOP,Barber shop,+44 7912 682942,https://eloisegentshairdressingbarbers.nearcut.com/r/6WQFW5,"49 School Ln, Stockport SK4 5DE",49 School Ln,Stockport,,SK4 5DE,United Kingdom of Great Britain and Northern Ireland,,ChIJPQaQIZeze0gR5YdwKrENaoI
The Crescent hair studio,Hairdresser,,,"16 St Petersgate, Stockport SK1 1HD",16 St Petersgate,Stockport,,SK1 1HD,United Kingdom of Great Britain and Northern Ireland,https://www.fresha.com/book-now/crescent-hair-studio-s7wmhwpg/all-offer?id=1252213&pId=1188523&rwg_token=AFd1xnFH2Ut5JQdJJRzmyUYXqbJvF4IcTcyqneUEp6IoHD6p7hXYBp4q2Ek091xqTsZDnPC924tiNVNW3jjzAzpBSBRKnPlQBZbvXazOjeOxATTpTvTpndA%3D,ChIJPyyI9lCze0gRRmzW10MaH5Y
KMC Barbers,Barber shop,+44 7946 914360,https://www.kmcbarbers.com/,"92A Heaton Moor Rd, Stockport SK4 4NZ",92A Heaton Moor Rd,Stockport,,SK4 4NZ,United Kingdom of Great Britain and Northern Ireland,https://kmcbarbers.nearcut.com/r/TZ8ARX,ChIJ2Zd3waKze0gR2sYdAfY3res
Jack William,Hairdresser,+44 7413 753963,https://jackwilliamhair.wixsite.com/website,"1 Cromwell St, Heaton Norris, Stockport SK4 1LY",1 Cromwell St,Stockport,Heaton Norris,SK4 1LY,United Kingdom of Great Britain and Northern Ireland,https://www.mylocalsalon.co.uk/794ecb31-6635-eb11-a813-000d3a8540c7.html,ChIJ4QmjVMWze0gRDkCNiS78O-I
Kutz &Co Hairdressing,Hairdresser,+44 161 480 4065,,"224 Reddish Rd, Reddish, Stockport SK5 7DU",224 Reddish Rd,Stockport,Reddish,SK5 7DU,United Kingdom of Great Britain and Northern Ireland,,ChIJDTc8Bna0e0gRi8hpzBjxcyw
Helen Roberts Hair and Beauty,Hairdresser,+44 161 432 1370,,"486 Manchester Rd, Stockport SK4 5DL",486 Manchester Rd,Stockport,,SK4 5DL,United Kingdom of Great Britain and Northern Ireland,,ChIJ56h5fpaze0gRxT4DFC_eatA
Halo Hairdressing,Hairdresser,+44 161 483 3377,http://www.halo-hairdressing.com/,"215 Bramhall Ln, Davenport, Stockport SK2 6JD",215 Bramhall Ln,Stockport,Davenport,SK2 6JD,United Kingdom of Great Britain and Northern Ireland,,ChIJIxv9AaC0e0gRAUkuNKIrPqI
STAR CUT,Barber shop,+44 161 425 8585,,"133 Hall St, Stockport SK1 4HE",133 Hall St,Stockport,,SK1 4HE,United Kingdom of Great Britain and Northern Ireland,,ChIJVy8uC4W0e0gRl-xctIl7uko
Radiance Glamour Lounge,Beauty Salon,+44 7857 579631,,"12-16 Princes St, Stockport SK1 1SE",12-16 Princes St,Stockport,,SK1 1SE,United Kingdom of Great Britain and Northern Ireland,https://www.treatwell.co.uk/place/radiance-glamour-lounge-ladies-only-salon/?utm_source=google&utm_medium=rwg&rwg_token=AFd1xnFSWuSn1ytIl3Fm5r3h_eDM1Aqch1Zvbk6YZx63iG_v6yVcGL6JMDpQbqQkDM4jFf-e2-gLG6tMvKBDjVMA1bL97JyISheERIyFElPRs76L2X8gRdk%3D,ChIJL_EDl9qze0gRlCoWnpgakJE
Best Wishes Hair Salon,Beauty Salon,+44 7949 314811,https://bestwisheshairandbeauty.co.uk/%3Futm_campaign%3Dgmb,"125 London Rd, Hazel Grove, Stockport SK7 4HH",125 London Rd,Stockport,Hazel Grove,SK7 4HH,United Kingdom of Great Britain and Northern Ireland,https://bestwisheshairandbeauty.co.uk/#services,ChIJE1f44wO1e0gR8QcD6czyf4o
Sweeney Todd Turkish Barber,Barber shop,+44 7975 764266,,"15 Gorton Rd, Reddish, Stockport SK5 6AZ",15 Gorton Rd,Stockport,Reddish,SK5 6AZ,United Kingdom of Great Britain and Northern Ireland,,ChIJb6ky4_Sze0gR6c-f_QXvC0M
NOAHS Barbershop,Barber shop,,https://booksy.com/en-gb/140656_noah-barbers_barber_667300_stockport%23ba_s%3Dsh_1,"7 Little Underbank, Stockport SK1 1LA",7 Little Underbank,Stockport,,SK1 1LA,United Kingdom of Great Britain and Northern Ireland,https://booksy.com/en-gb/rwg/140656_noahs-barbers_barber_667300_stockport?rwg_token=AFd1xnExgO9Qm_J45fW1L3SLf8Ph76Ppu8L4D6zS3EXHyLtjq8Iqx5pOZc1aR2GTaouRLaOb2mM7l0MPMgPuIgKfLUiXqEHMIP1JABqrQSmTF2M1fhCtLmQ%3D,ChIJ27AZfZyze0gRMDLD1UclWyc
Gents Cut Barber,Barber shop,,,"21a Middle Hillgate, Stockport SK1 3AY",21a Middle Hillgate,Stockport,,SK1 3AY,United Kingdom of Great Britain and Northern Ireland,,ChIJ6-w7kn2ze0gRCPr5YiAP7-g
Zee Cuts,Barber shop,,,"277 Wellington Rd S, Stockport SK2 6ND",277 Wellington Rd S,Stockport,,SK2 6ND,United Kingdom of Great Britain and Northern Ireland,,ChIJ_Q3igkmze0gR77YstozA_78
The Kutting Room,Hairdresser,+44 161 442 1594,,"270 Gorton Rd, Stockport SK5 6RN",270 Gorton Rd,Stockport,,SK5 6RN,United Kingdom of Great Britain and Northern Ireland,,ChIJlSjC3_eze0gRxeItuZR5x80
Cutting Crew,Barber shop,+44 7576 203282,,"Lisburne Ln, Stockport SK2 5RH",Lisburne Ln,Stockport,,SK2 5RH,United Kingdom of Great Britain and Northern Ireland,,ChIJJ_JzCVi1e0gRgxNKk7G13A0
House of Sukoon Headspa,Massage spa,,http://houseofsukoon.co.uk/,"1 St Petersgate, Stockport SK1 1EB",1 St Petersgate,Stockport,,SK1 1EB,United Kingdom of Great Britain and Northern Ireland,,ChIJCbr-JCy1e0gRIDQhs6oRCt4
Glasshouse barbers,Barber shop,+44 7961 542955,http://glasshousebarbers.com/,"79 Broadstone Rd, Reddish, Stockport SK5 7AS",79 Broadstone Rd,Stockport,Reddish,SK5 7AS,United Kingdom of Great Britain and Northern Ireland,https://getsquire.com/discover/barbershop/glasshouse-stockport?rwg_token=AFd1xnFXtWbXKD5yMn18KCP0gkEDIcB1E8rDL8jXsd5E47Gck8Mo2qqPfGaGD3OiwTApU_FZdhq89Ps_g7wm8b_1kkYoobWGWT3pfeya3BJgYJgPugzKCkk%3D,ChIJiapJ4B2ze0gRcy-l7YWF6Eo
Romiley hair & co,Hairdresser,+44 161 430 4720,,"74 Compstall Rd, Romiley, Stockport SK6 4DE",74 Compstall Rd,Stockport,Romiley,SK6 4DE,United Kingdom of Great Britain and Northern Ireland,,ChIJt5DLvwm1e0gRMl78AiI0vUk
Epton studios,Hairdresser,+44 161 706 1813,,"6A School Ln, Stockport SK4 5DG",6A School Ln,Stockport,,SK4 5DG,United Kingdom of Great Britain and Northern Ireland,,ChIJqRctaMize0gRaVM496K_xAk
Tracey Armitage mobile hair and beauty/home salon,Hairdresser,+44 7860 377630,,"454 Stockport Rd W, Bredbury, Stockport SK6 2EE",454 Stockport Rd W,Stockport,Bredbury,SK6 2EE,United Kingdom of Great Britain and Northern Ireland,,ChIJqTsU31a1e0gRsgc9MYLv33A
ATMOS by Leon Joel,Barber shop,+44 161 477 6981,,"15 Bramhall Ln, Stockport SK2 6HT",15 Bramhall Ln,Stockport,,SK2 6HT,United Kingdom of Great Britain and Northern Ireland,https://booksy.com/en-gb/rwg/33251_atmos-by-leon-joel_barber_667300_stockport?rwg_token=AFd1xnESmipdJr-56izmR3tGFjTMNcgVJqbP-5LyPpqh-0jIsaPhZ6aqIEMaKihdEXqHi0FrEYad0k-OUxyVIj7DzbC-0rqL-GA-Tx11YruEDXjWjUJoKig%3D,ChIJh_tLrgCze0gRD7tmrT83NEg
Twist of Fake! Hair extensions Stockport & Mobile,Hairdresser,+44 7774 999185,https://www.twistoffake.co.uk/,"41 Sterndale Rd, Stockport SK3 8QU",41 Sterndale Rd,Stockport,,SK3 8QU,United Kingdom of Great Britain and Northern Ireland,,ChIJWdLMZVqze0gRvDwSTdRXtXc
Diamonds Beauty,Beauty Salon,+44 161 477 7704,http://www.diamonds-stockport.co.uk/,"44-46 Castle St, Edgeley, Stockport SK3 9AD",44-46 Castle St,Stockport,Edgeley,SK3 9AD,United Kingdom of Great Britain and Northern Ireland,,ChIJlVYhW-aze0gRNdTjwabax1Y
Lashious Beauty Salon Stockport,Beauty Salon,+44 161 480 3393,https://www.lashiousbeautysalon.co.uk/,"Merseyway Shopping Centre, 48 Great Underbank, Stockport SK1 1PD","Merseyway Shopping Centre, 48 Great Underbank",Stockport,,SK1 1PD,United Kingdom of Great Britain and Northern Ireland,https://www.lashiousbeautysalon.co.uk/,ChIJSwcQw36ze0gRV41_3Z4m8N4
The Dukes of Heaton Moor,Barber shop,+44 7511 119888,https://www.dukesbarbershop.co.uk/,"137 Heaton Moor Rd, Heaton Moor, Stockport SK4 4HY",137 Heaton Moor Rd,Stockport,Heaton Moor,SK4 4HY,United Kingdom of Great Britain and Northern Ireland,,ChIJebt6Fwyze0gR2gmxAKNwztI
BANK BARBERSHOP,Barber shop,,http://www.bankbarbershop.co.uk/,"20 a, Deanery Way, Stockport SK1 1NA","20 a, Deanery Way",Stockport,,SK1 1NA,United Kingdom of Great Britain and Northern Ireland,https://booksy.com/en-gb/rwg/109064_bank-barbershop_barber_667300_stockport?rwg_token=AFd1xnGTCio7MQ4KQ4moW2LlbREDrhL0W0y2ABg7_dzHDx-GJwKdk9W-gLmN8XT41p-M_If1D0E6mXik36tRwW167rq07mSa_DbxMThCVI4L6gdCGtWh8Vg%3D,ChIJyzsviqGze0gROOmiVfH35tc
Steve's Old School Barbers Shop,Barber shop,+44 161 477 4686,https://m.facebook.com/stevesoldschoolbarbers/,"23 St Petersgate, Stockport SK1 1EB",23 St Petersgate,Stockport,,SK1 1EB,United Kingdom of Great Britain and Northern Ireland,,ChIJ5QOZjn6ze0gRTEkVJwg4Gxs
Chris King Barber Shop,Barber shop,+44 7752 539514,,"66 St Petersgate, Stockport SK1 1DA",66 St Petersgate,Stockport,,SK1 1DA,United Kingdom of Great Britain and Northern Ireland,https://book.heygoldie.com/josh1?rwg_token=AFd1xnED4V2T5h8x2s6prf_r1_YWEVQGdyMYARaf8P0iC0PwW0NDFHll_I8cOr-gTM7rnYHTUxXbVBcU6t6rjciUopmVMJ7dI7KMixp0TYIyKAO6fWVT-eQ%3D,ChIJtVQN-Xuze0gRCaMI1Dxh93U
Zicco's,Barber shop,+44 7793 538211,,"243 Wellington Rd S, Stockport SK2 6NG",243 Wellington Rd S,Stockport,,SK2 6NG,United Kingdom of Great Britain and Northern Ireland,,ChIJAQDMZ2Kze0gRDVuC2wTt4x0
Makeup Manchester,Make-up artist,+44 7840 043753,http://www.makeupmanchester.co.uk/,"Suite 9, 61 St Petersgate, Stockport SK1 1DH","Suite 9, 61 St Petersgate",Stockport,,SK1 1DH,United Kingdom of Great Britain and Northern Ireland,,ChIJzbtrxr6xe0gROqTmnKpOUUU
The Barbershop Nangreave,Barber shop,+44 7966 898793,,"134 Nangreave Rd, Heaviley, Stockport SK2 6DG",134 Nangreave Rd,Stockport,Heaviley,SK2 6DG,United Kingdom of Great Britain and Northern Ireland,,ChIJPRD8fJe0e0gRL6nlmq26Pog
Aldos Barber Shop,Barber shop,,https://aldosbarbershop.co.uk/,"61 Lowfield Rd, Stockport SK3 8JS",61 Lowfield Rd,Stockport,,SK3 8JS,United Kingdom of Great Britain and Northern Ireland,,ChIJf3_t_GOze0gRTn40HDn-B-o
The Brotherhood Barbers Stockport,Barber shop,+44 161 612 9168,https://brotherhoodofferton.nearcut.com/,"411-413 Hempshaw Ln, Stockport SK1 4QA",411-413 Hempshaw Ln,Stockport,,SK1 4QA,United Kingdom of Great Britain and Northern Ireland,,ChIJ7SwxtR21e0gRFZ6Iobw0wtI
The Barber Shop,Barber shop,,,"2A Castle St, Edgeley, Stockport SK3 9AB",2A Castle St,Stockport,Edgeley,SK3 9AB,United Kingdom of Great Britain and Northern Ireland,,ChIJJQtF2GSze0gRPMt8YbjplxI
Bloom,Beauty Salon,+44 7708 880882,,"101 Bloom St, Edgeley, Stockport SK3 9LQ",101 Bloom St,Stockport,Edgeley,SK3 9LQ,United Kingdom of Great Britain and Northern Ireland,,ChIJcSOJf3Kze0gRIDk8HyZ3ni0
Hair By Jenny,Hairdresser,,,"43 Middle Hillgate, Stockport SK1 3DG",43 Middle Hillgate,Stockport,,SK1 3DG,United Kingdom of Great Britain and Northern Ireland,,ChIJMz1KCYFLJIIRyNEwkYgbXag
The Barber Shop,Barber shop,+44 161 432 3355,,"21 Shaw Rd, Stockport SK4 4AG",21 Shaw Rd,Stockport,,SK4 4AG,United Kingdom of Great Britain and Northern Ireland,,ChIJz_BhGKOze0gRq25rwSLIQs8
The Dukes (The Art Of Barbering),Barber shop,+44 7479 195363,,"139 Shaw Heath, Stockport SK2 6QZ",139 Shaw Heath,Stockport,,SK2 6QZ,United Kingdom of Great Britain and Northern Ireland,http://dukesbarbershop.co.uk/,ChIJwUNpJ1Cze0gRpxLpyLz1Jwc
Cutthroat Jacks Edgeley,Barber shop,+44 161 611 1330,http://www.cutthroatjacks.com/,"126 Castle St, Edgeley, Stockport SK3 9JH",126 Castle St,Stockport,Edgeley,SK3 9JH,United Kingdom of Great Britain and Northern Ireland,https://www.fresha.com/book-now/cutthroat-jacks-rw5kgne7/all-offer?id=2666359&pId=2581196&rwg_token=AFd1xnEUJrhYB5Lad2uGtS31W4KJKfmYror0E3l9yLEkyH0u2IaLVRUjTSf87rifpYBr5GW4wsaSYo8U3IN1bFESeuU4-Bvi3IKKRI4HZ6zBIKH9nr5dpAU%3D,ChIJk-juAo2ze0gRSCUsIdX9P9o
Taper'd,Barber shop,+44 161 400 7209,https://taperd.wordpress.com/,"6A Woodhall Rd, Stockport SK5 7QH",6A Woodhall Rd,Stockport,,SK5 7QH,United Kingdom of Great Britain and Northern Ireland,https://getsquire.com/discover/barbershop/taperd-stockport?rwg_token=AFd1xnGbrlx0dLko6zkj3VOPd4wCcKbawWjAKGDzYmXnMiuNrzigtLPLa-NNpUeobENDjhEUnsbcskLarfDLus1RRq0ZoC87ph_ipBzmMM7nUdaknDEx05o%3D,ChIJV-zn-k-1e0gR-9d4RusS1Hw
21 BARBER,Barber shop,+44 7492 222116,,"228 Reddish Rd, Stockport SK5 7DU",228 Reddish Rd,Stockport,,SK5 7DU,United Kingdom of Great Britain and Northern Ireland,,ChIJxbMhAx-1e0gRLoTKHq2XKJc
No 10 style studio,Hairdresser,+44 161 222 8687,,"10 Yew Tree Dr, Bredbury, Stockport SK6 2HJ",10 Yew Tree Dr,Stockport,Bredbury,SK6 2HJ,United Kingdom of Great Britain and Northern Ireland,,ChIJlRaUNfi1e0gRVvFoXsG56QI
Arkham Barbers,Barber shop,+44 161 428 7100,,"2 Bird Hall Ln, Stockport SK3 0RS",2 Bird Hall Ln,Stockport,,SK3 0RS,United Kingdom of Great Britain and Northern Ireland,https://booksy.com/en-gb/rwg/94253_arkham-barbers_barber_667300_stockport?rwg_token=AFd1xnHDMOOfBfBNNbMCInvxV1oLQNOdvaWcAx181LD1VKL-Z_FxIZ8ZolUVsUdwcy-lbf9KLGJirZDMzQWNfKB2NSBjtX4Jah9UXiP-tc3qPJ1YAgdNbZI%3D,ChIJxYawC92ze0gRSwYl04iwh6g
Bombshell Beauty Lounge,Beauty Salon,+44 161 474 1744,https://www.facebook.com/bombshellbeautyloungex/,"111A Reddish Rd, Stockport SK5 7HP",111A Reddish Rd,Stockport,,SK5 7HP,United Kingdom of Great Britain and Northern Ireland,,ChIJ3_x6IqK1e0gR6OBKE3i53Gs
Beauty And Nail Bar,Nail salon,+44 7472 415045,,"76 Princes St, Stockport SK1 1RJ",76 Princes St,Stockport,,SK1 1RJ,United Kingdom of Great Britain and Northern Ireland,,ChIJMQLOL3mze0gRPQoxHDeS2tw
Alz Barbers,Barber shop,,,"5 Mealhouse Brow, Stockport SK1 1JP",5 Mealhouse Brow,Stockport,,SK1 1JP,United Kingdom of Great Britain and Northern Ireland,,ChIJO6-nRX6ze0gRe7Wh6Pt2VX4
Star Gents Barber & Hairdressing,Barber shop,+44 7769 207250,,"12 Reddish Rd, Stockport SK5 7PE",12 Reddish Rd,Stockport,,SK5 7PE,United Kingdom of Great Britain and Northern Ireland,,ChIJw4Vq4Iaze0gR6sbMFWM4iJ4
Corner Chop,Barber shop,+44 161 718 0251,,"200a Lowndes Ln, Heaviley, Stockport SK2 6DB",200a Lowndes Ln,Stockport,Heaviley,SK2 6DB,United Kingdom of Great Britain and Northern Ireland,https://booksy.com/en-gb/rwg/117214_corner-chop_barber_667300_stockport?rwg_token=AFd1xnHXkc8DwCRDAaksl9zaCVP-FW0YfEOr938wLDbfVnY4O7R355M-7VNmJAJTQxAS1-2ITAHDaD-QhPOXOJstrVYa2nafVufThanMs4fSnimpSs43znM%3D,ChIJmaiCZ561e0gR3OQQLvkw0oU
Tonys Barber Shop,Barber shop,+44 161 612 2842,http://www.tonys-barbershop.co.uk/,"234 Stockport Rd, Stockport SK3 0LX",234 Stockport Rd,Stockport,,SK3 0LX,United Kingdom of Great Britain and Northern Ireland,,ChIJg7KAmxqze0gRdIV4P5rkCvY
M D Hair,Hairdresser,+44 161 443 1118,,"11 Moorside Rd, Heaton Moor, Stockport SK4 4DT",11 Moorside Rd,Stockport,Heaton Moor,SK4 4DT,United Kingdom of Great Britain and Northern Ireland,,ChIJwahh4qaze0gRuX5S0_Z6ZVA
Acuto Mobile Barber,Hairdresser,+44 7801 240658,http://www.acutobarber.co.uk/,"377 Manchester Rd, Stockport SK4 5BY",377 Manchester Rd,Stockport,,SK4 5BY,United Kingdom of Great Britain and Northern Ireland,,ChIJMdKakWCye0gR5VACFXzmLdw
SK Friends Barbers,Barber shop,+44 161 536 6462,https://www.facebook.com/pages/category/Barber-Shop/SK-friends-barbers-103984531710326/posts/,"Sk friends barbers, 174 Hall St, Offerton, Stockport SK1 4JG","Sk friends barbers, 174 Hall St",Stockport,Offerton,SK1 4JG,United Kingdom of Great Britain and Northern Ireland,,ChIJycw2i1a1e0gR2a0vMVPvIxc
Ozzys Barbershop,Barber shop,+44 161 494 8060,,"52 Osborne St, Bredbury, Stockport SK6 2BT",52 Osborne St,Stockport,Bredbury,SK6 2BT,United Kingdom of Great Britain and Northern Ireland,https://booksy.com/en-gb/rwg/77799_ozzys-barbershop_barber_664293_bredbury?rwg_token=AFd1xnHnkX9AxJrpNoRZV0E-B4cpNEcTht69SvHS7zTg5iMoNHzyIcgKf1DXebbpd9sksy8Dz7o3RfPtzjpYIZEnyo-aOQ6FreeBUJ5NRuA_AH2EcZGekSI%3D,ChIJGd_L2mi1e0gRbjQHj2ZGqqw
SMP-Clinic & Training Academy,Hair replacement service,+44 7360 494685,https://smp-clinic.com/,"22 Deanery Way, Stockport SK1 1NA",22 Deanery Way,Stockport,,SK1 1NA,United Kingdom of Great Britain and Northern Ireland,,ChIJCQpxuQO1HA8R8o90fYhwPQM
Ah Hairdressing And Beauty Supplies,Hairdresser,,,"Turncroft Ln, Stockport SK1 4AB",Turncroft Ln,Stockport,,SK1 4AB,United Kingdom of Great Britain and Northern Ireland,,ChIJt1uxYYa0e0gRdMLSm3_d8j8
J&S Nails,Nail salon,+44 161 480 7665,,"Wellington Mill, 3 Wellington Rd S, Stockport SK4 1AA","Wellington Mill, 3 Wellington Rd S",Stockport,,SK4 1AA,United Kingdom of Great Britain and Northern Ireland,,ChIJYxLr13ize0gRL9JvNt9wmXM
Thomas Ellis Hair,Hairdresser,+44 161 312 2033,https://www.instagram.com/thomasellishair/,"11 Stockport Rd, Marple, Stockport SK6 6BD",11 Stockport Rd,Stockport,Marple,SK6 6BD,United Kingdom of Great Britain and Northern Ireland,,ChIJ7_hny8y1e0gR71QuSS88RUk
Cheryl Anthony Hair,Building,,,"7 Tiviot Dl, Stockport SK1 1TA",7 Tiviot Dl,Stockport,,SK1 1TA,United Kingdom of Great Britain and Northern Ireland,,ChIJDdAuFX-ze0gRWwxV4HHMVpo
Cutthroat Jacks Barber Shop & Hair Academy,Barber shop,+44 161 611 1330,https://www.cutthroatjacks.com/,"126 ground floor, Castle St, Edgeley, Stockport SK3 9JH","126 ground floor, Castle St",Stockport,Edgeley,SK3 9JH,United Kingdom of Great Britain and Northern Ireland,,ChIJ_Rwctn2ze0gR8PwbtwE0N0o
Baban Barbers,Barber shop,+44 7947 494246,,"56 Castle St, Edgeley, Stockport SK3 9AD",56 Castle St,Stockport,Edgeley,SK3 9AD,United Kingdom of Great Britain and Northern Ireland,,ChIJl7tgSWize0gRsD-o2sRkgLI
MASTERS BARBERS,Barber shop,+44 161 258 1501,https://www.facebook.com/fade89barbars,"12 Yew Tree Dr, Bredbury, Stockport SK6 2HJ",12 Yew Tree Dr,Stockport,Bredbury,SK6 2HJ,United Kingdom of Great Britain and Northern Ireland,,ChIJn7JPHnm1e0gRw-dmQ2M7-v0
Face Heaven Aesthetic & Beauty Clinic,Laser hair removal service,+44 7448 550047,https://fheavenclinic.book.app/book-now,"5 Princes St, Stockport SK1 1SL",5 Princes St,Stockport,,SK1 1SL,United Kingdom of Great Britain and Northern Ireland,https://fheavenclinic.book.app/,ChIJi6LSWguze0gRYd9UI4cNm9M
GAF barber shop,Barber shop,+44 7548 467886,,"451 Manchester Rd, Stockport SK4 5DJ",451 Manchester Rd,Stockport,,SK4 5DJ,United Kingdom of Great Britain and Northern Ireland,https://booksy.com/en-gb/rwg/42211_gaf-barbershop_barber_667300_stockport?rwg_token=AFd1xnHjDlzPYIz99zwtZlOPJ8EYyyj3_ykhQvhSZWyaJKUW-bbeCQl4yLbtECDmCykLTmrswEIFLXuT6vIVQL3tWZG5IsD9RjiflHF06pgWp_75dyNDgs8%3D,ChIJLboPafmze0gRE6kCqBjAY0Y
Reddish Style Barber,Barber shop,,,"228 Reddish Rd, Stockport SK5 7DU",228 Reddish Rd,Stockport,,SK5 7DU,United Kingdom of Great Britain and Northern Ireland,,ChIJjyO2B3a0e0gR5H2mMvpsTko
Craig's Barbers,Barber shop,+44 161 432 9892,,"1 Hawthorn Grove, Heaton Moor, Stockport SK4 4HZ",1 Hawthorn Grove,Stockport,Heaton Moor,SK4 4HZ,United Kingdom of Great Britain and Northern Ireland,,ChIJa24oy6aze0gRe7iMvBxlOAc
One 20 Hairdressing,Hairdresser,,,"120 Castle St, Edgeley, Stockport SK3 9AL",120 Castle St,Stockport,Edgeley,SK3 9AL,United Kingdom of Great Britain and Northern Ireland,,ChIJdS5GsG-ze0gRQ6FAD7o_wBw
The Barber Shop,Barber shop,+44 7380 270086,,"272 Adswood Rd, Stockport SK3 8PN",272 Adswood Rd,Stockport,,SK3 8PN,United Kingdom of Great Britain and Northern Ireland,,ChIJ4_kLsUOze0gRqL4snWZ-x-Q
King’s barber,Barber shop,,https://www.instagram.com/_b_fade/,"56 Castle St, Edgeley, Stockport SK3 9AD",56 Castle St,Stockport,Edgeley,SK3 9AD,United Kingdom of Great Britain and Northern Ireland,,ChIJRZLqSs2ze0gR8bXt4xdF2Xk
PORT STUDIO,Nail salon,+44 7732 223512,https://www.fresha.com/book-now/jess-onails-nhwd2g2n/all-offer%3FpId%3D806404,"2nd Floor, Hilton House, Lord St, Stockport SK1 3NA","2nd Floor, Hilton House, Lord St",Stockport,,SK1 3NA,United Kingdom of Great Britain and Northern Ireland,https://www.fresha.com/book-now/jess-onails-nhwd2g2n/all-offer?id=857641&pId=806404&rwg_token=AFd1xnG7nRbqB675zNasTqC5in0NN7o1wpI-Ck1bH50-8Awsh-lELn9nDBWHaJsH9ZWRbnizh9dBS9sif9IcV8c40UmRswn7xb5IP9oxXZXcNRuqrtvP9QA%3D,ChIJ9cTLfM-GyY0Rl0xuF3ckf-0
Cwesthairstylist,Hairdresser,+44 7932 413810,https://www.instagram.com/cwesthairstylist%3Figsh%3DMWdpcnlwMmx1eDByeQ%3D%3D%26utm_source%3Dqr,"Saint Peter's gate, Stockport SK1 1EB",Saint Peter's gate,Stockport,,SK1 1EB,United Kingdom of Great Britain and Northern Ireland,,ChIJZb2cIGeze0gRIXKrpvJI9P0
Hair by Karen Kennedy,Hairdresser,,https://hairbykarenkennedy.co.uk/,"111A Reddish Rd, Stockport SK5 7HP",111A Reddish Rd,Stockport,,SK5 7HP,United Kingdom of Great Britain and Northern Ireland,https://www.treatwell.co.uk/place/hair-by-karen-kennedy/?utm_source=google&utm_medium=rwg&rwg_token=AFd1xnFrD7MLB5h650kdSlpd9NbajYToahvNyBNiMyffdh0P-btiquAShxyUKLoxTEjhDylxxDTQfo7Tl21YCiF5bgYFX0C2M6nYkxyCdVh3K3tXw_tFOA8%3D,ChIJ38jxauu1e0gRFiYEiXLu1aE
L.A barbers,Barber shop,+44 161 971 5349,https://labarbershop.nearcut.com/r/WPN22P,"293 Buxton Rd, Stockport SK2 7NR",293 Buxton Rd,Stockport,,SK2 7NR,United Kingdom of Great Britain and Northern Ireland,,ChIJL71sCCa1e0gRHw94wheZviM
Markoz Barbershop,Barber shop,+44 7777 488010,,"370A Brinnington Rd, Stockport SK5 8BT",370A Brinnington Rd,Stockport,,SK5 8BT,United Kingdom of Great Britain and Northern Ireland,,ChIJhRe2GgC1e0gRwRI9Wcf3uWQ
Davenport barbers,Barber shop,+44 7478 705504,,"106 Kennerley Rd, Davenport, Stockport SK2 6EY",106 Kennerley Rd,Stockport,Davenport,SK2 6EY,United Kingdom of Great Britain and Northern Ireland,https://booksy.com/en-gb/rwg/150855_davenport-barbers_barber_667300_stockport?rwg_token=AFd1xnG5_SThxi3Dn7CFUGns9yKmiB2qkU_zoECySWK2rOjI79NDHiQW60ysvM-WPz0oKWzwSx-hZWuuwEKvsGf9v1n8mVxo4efnkgvjh5MdYbzNgqILAX4%3D,ChIJZ4fPw4K1e0gRMLCFqwnv6s4
Class Barbers,Barber shop,+44 7459 133080,,"48 St Petersgate, Stockport SK1 1HL",48 St Petersgate,Stockport,,SK1 1HL,United Kingdom of Great Britain and Northern Ireland,,ChIJqYb4FHyze0gRkfh0noK9zUw
S F BARBER,Barber shop,+44 7951 375250,,"41 Worrall St, Edgeley, Stockport SK3 9BE",41 Worrall St,Stockport,Edgeley,SK3 9BE,United Kingdom of Great Britain and Northern Ireland,https://booksy.com/en-gb/rwg/167440_s-f-barber_barber_667300_stockport?rwg_token=AFd1xnGN3uGQcU7O9bBYCBADCvvYHGUhh4FS42eTknhkuhQ2dGkUD3HzhpsI3KLc0iL7olE6BoNJJZfSsXiV52FfPBFg6EicliHvXR_W4omC3nL9uE1Msow%3D,ChIJLWMQRQCze0gRR3v9LwB-yTo
Duhok barber,Barber shop,+44 7424 376509,https://www.instagram.com/duhok_barbers/,"323 Buxton Rd, Stockport SK2 7NL",323 Buxton Rd,Stockport,,SK2 7NL,United Kingdom of Great Britain and Northern Ireland,,ChIJzx0hplW1e0gR554ieBQPx_0
Town Barbers,Barber shop,+44 7713 777328,https://m.facebook.com/Town-Barbers-378074269066409/,"36 Market Pl, Stockport SK1 1ES",36 Market Pl,Stockport,,SK1 1ES,United Kingdom of Great Britain and Northern Ireland,,ChIJ0ZlUSn6ze0gRRAYpTy5OWwQ
BOBBY'S BARBERS,Barber shop,+44 161 568 0011,https://www.bobbysmcr.co.uk/,"106 Heaton Moor Rd, Stockport SK4 4NZ",106 Heaton Moor Rd,Stockport,,SK4 4NZ,United Kingdom of Great Britain and Northern Ireland,https://www.bobbysmcr.co.uk/,ChIJAzOkDOSze0gRzyPisEQ4GSQ
Mos luxe barber,Barber shop,+44 7398 874666,http://mosluxebarber.booksy.com/,"414 Reddish Rd, Reddish, Stockport SK5 7AA",414 Reddish Rd,Stockport,Reddish,SK5 7AA,United Kingdom of Great Britain and Northern Ireland,,ChIJLyQvR3Kze0gRcexiRb4IAYc
Hill Barbers,Barber shop,+44 7721 452966,,"Hill Barbers, 2 Lancashire Hill, Stockport SK5 7RP","Hill Barbers, 2 Lancashire Hill",Stockport,,SK5 7RP,United Kingdom of Great Britain and Northern Ireland,,ChIJXZshbACze0gRLYzUIGCJRIo
Shaw Heath Barber Shop,Barber shop,+44 7795 593270,,"189 Shaw Heath, Stockport SK2 6QZ",189 Shaw Heath,Stockport,,SK2 6QZ,United Kingdom of Great Britain and Northern Ireland,,ChIJTVVTemGze0gRB8Wii66I4BE
Legacy Barbers,Barber shop,+44 7402 035835,,"437 Buxton Rd, Stockport SK2 7HE",437 Buxton Rd,Stockport,,SK2 7HE,United Kingdom of Great Britain and Northern Ireland,,ChIJGWhpV7m0e0gRh-dmc4HgRLE
No1barbershop,Barber shop,+44 161 483 4082,https://www.no1barbershop.uk/,"389 London Rd, Hazel Grove, Stockport SK7 6AA",389 London Rd,Stockport,Hazel Grove,SK7 6AA,United Kingdom of Great Britain and Northern Ireland,,ChIJl1PQlc20e0gR0vDMQRGoaHc
Trendz Barbers Shop,Barber shop,,,"352 Buxton Rd, Stockport SK2 7BY",352 Buxton Rd,Stockport,,SK2 7BY,United Kingdom of Great Britain and Northern Ireland,,ChIJl9fldry0e0gRqqAS8hJw9eY
BUZZ BARBERS Shop,Barber shop,+44 7777 441779,,"Exeter Rd, Stockport SK5 8LQ",Exeter Rd,Stockport,,SK5 8LQ,United Kingdom of Great Britain and Northern Ireland,,ChIJq13MMgC1e0gR7mqPcx11Wu4
No4 Barbershop,Barber shop,+44 161 964 3003,https://www.fresha.com/book-now/no4-barbershop-cr1h8vef/all-offer%3Fshare%3Dtrue%26pId%3D2614129,"4 Stockport Rd E, Bredbury, Stockport SK6 1AL",4 Stockport Rd E,Stockport,Bredbury,SK6 1AL,United Kingdom of Great Britain and Northern Ireland,https://www.fresha.com/book-now/no4-barbershop-cr1h8vef/all-offer?id=2701244&pId=2614129&rwg_token=AFd1xnGEfUFmHYf101W_bdsQeZg96sR4O0jclBkiGhsAY9Gsqi7qZc1vHdGwxf2UBbqiR2nQZUvQcdJ0IRKITG44_IfcqRFEz2aZzhZOdNotOx8Y608HXVY%3D,ChIJkZx6Tz-1e0gRSWYAVpJjQUY
Milano Barbers Reddish,Barber shop,+44 7752 240108,,"463 Gorton Rd, Stockport SK5 6LR",463 Gorton Rd,Stockport,,SK5 6LR,United Kingdom of Great Britain and Northern Ireland,,ChIJBbt7evize0gRHaVS1XgcD_8
Scissor Trim Barber Shop,Barber shop,+44 161 376 6852,,"21 Castle St, Edgeley, Stockport SK3 9AT",21 Castle St,Stockport,Edgeley,SK3 9AT,United Kingdom of Great Britain and Northern Ireland,,ChIJjQ3sPGWze0gRcAtVBNKtq4Y
Fredo’s Barbershop,Barber shop,+44 7493 592741,,"316 Buxton Rd, Stockport SK2 7DD",316 Buxton Rd,Stockport,,SK2 7DD,United Kingdom of Great Britain and Northern Ireland,https://booksy.com/en-gb/rwg/72812_fredos-barbershop_barber_667300_stockport?rwg_token=AFd1xnF5i-tGgzB0znjdHIMenF6NoS8qeWHeo8YukzP15Izw5-tPfjgdqcREGtOdQbMW0qrHcdvT6nfC-MPYcY4kQJabA_g0Og%3D%3D,ChIJMR0kkLy0e0gRIdvUlE4Y2uY
Spikeys barbers,Barber shop,+44 7379 047189,,"517 Hempshaw Ln, Stockport SK2 5TP",517 Hempshaw Ln,Stockport,,SK2 5TP,United Kingdom of Great Britain and Northern Ireland,,ChIJATcq05O0e0gR_vKEOIHgRpY
Barber & Co,Barber shop,+44 7438 634514,https://www.barberandco.info/,"987 Stockport Rd, Manchester M19 2SY",987 Stockport Rd,Manchester,,M19 2SY,United Kingdom of Great Britain and Northern Ireland,https://booksy.com/en-gb/rwg/14912_barber-co_barber_628476_manchester?rwg_token=AFd1xnFVjEm_HG6OJCsFOlB9oNrSqGXHpxjXianW6jnubWoKcZZlZZrqDflQfJiksDtAihFOdCmWXaUkhcNGesUfci3S6ZPj2Lf_i0F67bBUFJTZOAFb1PQ%3D,ChIJp1RB_8Oze0gRubcfamVv7qM
LA VIDA GENTS BARBER,Barber shop,+44 7913 138855,https://www.google.com/url?q=https://www.instagram.com/la.vida.barber/,"274 Gorton Rd, Stockport SK5 6RN",274 Gorton Rd,Stockport,,SK5 6RN,United Kingdom of Great Britain and Northern Ireland,,ChIJFXvA3_eze0gRFnOjJzk7gEM
The Barber's Shop Bramhall,Barber shop,+44 161 439 8049,,"16 Fir Rd, Bramhall, Stockport SK7 2NP",16 Fir Rd,Stockport,Bramhall,SK7 2NP,United Kingdom of Great Britain and Northern Ireland,,ChIJq9voOVOze0gRivVVrjOgrk4
Stargents barbershop,Barber shop,+44 161 217 0052,http://www.instagram.com/stargents.1,"412 Manchester Rd, Stockport SK4 5BY",412 Manchester Rd,Stockport,,SK4 5BY,United Kingdom of Great Britain and Northern Ireland,,ChIJr6lNoQWze0gRkgkuTNmlmTQ
Zaks,Barber shop,+44 161 224 1021,,"284 Gorton Rd, Stockport SK5 6RN",284 Gorton Rd,Stockport,,SK5 6RN,United Kingdom of Great Britain and Northern Ireland,,ChIJH7njm32xe0gRjiOMfC6V2Yk
Rich blade barbershop,Barber shop,+44 7944 778525,https://instagram.com/richbladebarbershop,"96 Longford Rd W, Reddish, Stockport SK5 6HY",96 Longford Rd W,Stockport,Reddish,SK5 6HY,United Kingdom of Great Britain and Northern Ireland,,ChIJrcSEZnqRe0gRJJwdBlpEhFM
Legacy,Barber shop,+44 7984 148395,,"150 Middlesex Rd, Brinnington, Stockport SK5 8HJ",150 Middlesex Rd,Stockport,Brinnington,SK5 8HJ,United Kingdom of Great Britain and Northern Ireland,,ChIJQXyR82u0e0gRiJ6ebaNiUN4
Stanley’s Barber,Barber shop,+44 7449 416008,,"969 Stockport Rd, Manchester M19 3NP",969 Stockport Rd,Manchester,,M19 3NP,United Kingdom of Great Britain and Northern Ireland,,ChIJE3BWGK6ze0gRz2mECN9vFvw
Vip's Barbers,Barber shop,+44 7454 937733,,"Higher Bents Ln, Bredbury, Stockport SK6 2LU",Higher Bents Ln,Stockport,Bredbury,SK6 2LU,United Kingdom of Great Britain and Northern Ireland,,ChIJsW7vnlW0e0gRM6MB0tjr-v0
The Barbershop Apartments,Hotel,+44 7948 475555,,"412 Manchester Rd, Stockport SK4 5BY",412 Manchester Rd,Stockport,,SK4 5BY,United Kingdom of Great Britain and Northern Ireland,,ChIJR7OmxROze0gRYPb4wEFOBj4
Gent211,Barber shop,+44 161 428 6167,https://www.gent211.com/,"211 Stockport Rd, Stockport SK3 0RH",211 Stockport Rd,Stockport,,SK3 0RH,United Kingdom of Great Britain and Northern Ireland,,ChIJ348Wjxqze0gRghHjuLe9jSM
Edgely barber,Barber shop,+44 7922 647893,,"63 Castle St, Edgeley, Stockport SK3 9AT",63 Castle St,Stockport,Edgeley,SK3 9AT,United Kingdom of Great Britain and Northern Ireland,,ChIJEyrOtHeze0gR2puuiNMnlvk
Baban Barbers,Barber shop,+44 7947 494246,,"278 Adswood Rd, Stockport SK3 8PN",278 Adswood Rd,Stockport,,SK3 8PN,United Kingdom of Great Britain and Northern Ireland,,ChIJOeQWaACze0gRBPKSlaPGdCM
Fade masters barbers,Barber shop,+44 161 439 2845,,"20 Bramhall Ln S, Bramhall, Stockport SK7 1AF",20 Bramhall Ln S,Stockport,Bramhall,SK7 1AF,United Kingdom of Great Britain and Northern Ireland,https://www.fresha.com/book-now/fade-masters-barbers-hale-barns-ib646i11/all-offer?id=845965&pId=744706&rwg_token=AFd1xnHmMdj1SukCJ_xYj9PXq5ihnMup5F0UtvElxIS3xfHdfYlKVk8IbFGxwXXrbO9nmiLY1LJzZclPCIt8PDa-rsRyra3vzF9pimr2HV_erMBSYibQHIk%3D,ChIJJ4VQOJ5NekgRPZaeYeJpG-0
The Stockport Barbering School,Barbers School,+44 800 118 5021,,"58 Wellington Rd S, Stockport SK1",58 Wellington Rd S,Stockport,,SK1,United Kingdom of Great Britain and Northern Ireland,,ChIJl9DUQKyze0gRh3hELPD7Kwo
Arrow Emporium Bredbury,Barber shop,+44 7748 906397,,"208 Stockport Rd E, Bredbury, Stockport SK6 2AQ",208 Stockport Rd E,Stockport,Bredbury,SK6 2AQ,United Kingdom of Great Britain and Northern Ireland,,ChIJGe3vsom1e0gR__tTLdlSdqc
Uk Fade Barber,Barber shop,+44 7444 535507,,"12 Stockport Rd, Cheadle SK8 2AA",12 Stockport Rd,Cheadle,,SK8 2AA,United Kingdom of Great Britain and Northern Ireland,,ChIJCWavwteze0gRjzPSF_SjeAE
Mo’s Club,Barber shop,+44 7412 525845,,"33 Buxton Rd, High Lane, Stockport SK6 8DR",33 Buxton Rd,Stockport,High Lane,SK6 8DR,United Kingdom of Great Britain and Northern Ireland,,ChIJn1awrslKekgR5S7tKwKDyRY
Barbers Cars,Used car dealer,+44 7831 355266,,"The Old Dairy, Earl St, Edgeley, Stockport SK3 9JZ","The Old Dairy, Earl St",Stockport,Edgeley,SK3 9JZ,United Kingdom of Great Britain and Northern Ireland,,ChIJw3mTwhOze0gRArMVu2l8koM
Glaris Barber Shop,Barber shop,,,"46 Stockport Rd, Cheadle Heath, Stockport SK3 0JA",46 Stockport Rd,Stockport,Cheadle Heath,SK3 0JA,United Kingdom of Great Britain and Northern Ireland,,ChIJQ0CrcQCze0gRQrSvw7Jv6-8
The Fade Room,Barber shop,+44 161 637 5635,,"167 Wellington Rd S, Stockport SK1 3UA",167 Wellington Rd S,Stockport,,SK1 3UA,United Kingdom of Great Britain and Northern Ireland,,ChIJPYfJWPqze0gR63gB3dwbO-4
Morgans Barbershop,Barber shop,+44 7356 249870,https://www.morgansbarbershop.co.uk/,"Behind Francescos Hair Salon, 15-17 Bramhall Ln S, Bramhall, Stockport SK7 1AL","Behind Francescos Hair Salon, 15-17 Bramhall Ln S",Stockport,Bramhall,SK7 1AL,United Kingdom of Great Britain and Northern Ireland,https://booksy.com/en-gb/rwg/150273_morgans-barbershop_barber_663829_bramhall?rwg_token=AFd1xnFFqN52q_VqWzUz5Kcq8HrZeCmZJkfRaN6RGRuwsQyfd87RWfQwqu6NUvpljpVSX5zX0HlMubLNMM3jIj4RXJFsMLS6bxCTFdFxf5UmUWAZ0n1T-HY%3D,ChIJH2v6H4NNekgRUXegHMzF1zY
The Bohemian Barbers,Barber shop,+44 161 485 1029,https://thebohemianbarbers.co.uk/,"16 Station Rd, Cheadle Hulme, Stockport SK8 5AE",16 Station Rd,Stockport,Cheadle Hulme,SK8 5AE,United Kingdom of Great Britain and Northern Ireland,,ChIJDYLvAfize0gRJeC-j_olFxU
ANTALYA BARBER,Barber shop,+44 7455 485816,,"101Castle Street, Edgeley, Stockport SK3 9AR",101Castle Street,Stockport,Edgeley,SK3 9AR,United Kingdom of Great Britain and Northern Ireland,,ChIJA4-yeWWze0gRaaSefNdqclg
Royal barbers High Lane,Barber shop,+44 7478 842714,,"70 Buxton Rd, High Lane, Stockport SK6 8BH",70 Buxton Rd,Stockport,High Lane,SK6 8BH,United Kingdom of Great Britain and Northern Ireland,https://www.treatwell.co.uk/place/royal-barbers/?utm_source=google&utm_medium=rwg&rwg_token=AFd1xnHlwWhGp8oB8LMe4r3M8poX1oEyaNs1qpC_1CgF1i_yOzPQCi5fPAK7AN_sL6n35UJDDCuDZMB0x6OhMHUefAFrMqPzREh_kOS3JafhNnjDFWWqMtY%3D,ChIJt3awDUVLekgRAvyYD6mZrcE
Eclips barber shop,Barber shop,+44 7400 234600,,"335 Reddish Rd, Stockport SK5 7EN",335 Reddish Rd,Stockport,,SK5 7EN,United Kingdom of Great Britain and Northern Ireland,,ChIJxSIBEvaze0gRMYfXJNw0zDA